{
    "nodes": {
        "omni.sdu.ur.Robot": {
            "description": "OmniGraph node that interfaces to a real and simulated UR Robot",
            "version": 2,
            "extension": "omni.sdu.ur",
            "language": "Python"
        },
        "omni.sdu.ur.MoveL": {
            "description": "Linear cartesian move of an UR Robot",
            "version": 2,
            "extension": "omni.sdu.ur",
            "language": "Python"
        },
        "omni.sdu.ur.MoveJ": {
            "description": "Joint-space movement of an UR Robot",
            "version": 2,
            "extension": "omni.sdu.ur",
            "language": "Python"
        },
        "omni.sdu.ur.MoveFinished": {
            "description": "Node for signalling that robot execution is done",
            "version": 2,
            "extension": "omni.sdu.ur",
            "language": "Python"
        },
        "omni.sdu.ur.RecordData": {
            "description": "Node for signalling that robot execution is done",
            "version": 2,
            "extension": "omni.sdu.ur",
            "language": "Python"
        },
        "omni.sdu.ur.RecordData1": {
            "description": "Node for signalling that robot execution is done",
            "version": 2,
            "extension": "omni.sdu.ur",
            "language": "Python"
        },
        "omni.sdu.ur.RecordData2": {
            "description": "Node for signalling that robot execution is done",
            "version": 2,
            "extension": "omni.sdu.ur",
            "language": "Python"
        },
        "omni.sdu.ur.Validation": {
            "description": "Node for signalling that robot execution is done",
            "version": 2,
            "extension": "omni.sdu.ur",
            "language": "Python"
        },
        "omni.sdu.ur.ZcheckSim": {
            "description": "Node for signalling that robot execution is done",
            "version": 2,
            "extension": "omni.sdu.ur",
            "language": "Python"
        }
    }
}